-- phpMyAdmin SQL Dump
-- version 4.8.2
-- https://www.phpmyadmin.net/
--
-- Host: 127.0.0.1
-- Generation Time: 20-Mar-2020 às 04:42
-- Versão do servidor: 10.1.34-MariaDB
-- PHP Version: 5.6.37

SET SQL_MODE = "NO_AUTO_VALUE_ON_ZERO";
SET AUTOCOMMIT = 0;
START TRANSACTION;
SET time_zone = "+00:00";


/*!40101 SET @OLD_CHARACTER_SET_CLIENT=@@CHARACTER_SET_CLIENT */;
/*!40101 SET @OLD_CHARACTER_SET_RESULTS=@@CHARACTER_SET_RESULTS */;
/*!40101 SET @OLD_COLLATION_CONNECTION=@@COLLATION_CONNECTION */;
/*!40101 SET NAMES utf8mb4 */;

--
-- Database: `estacionamento`
--

-- --------------------------------------------------------

--
-- Estrutura da tabela `ci_sessions`
--

CREATE TABLE `ci_sessions` (
  `id` varchar(128) NOT NULL,
  `ip_address` varchar(45) NOT NULL,
  `timestamp` int(10) UNSIGNED NOT NULL DEFAULT '0',
  `data` blob NOT NULL
) ENGINE=InnoDB DEFAULT CHARSET=utf8mb4;

--
-- Extraindo dados da tabela `ci_sessions`
--

INSERT INTO `ci_sessions` (`id`, `ip_address`, `timestamp`, `data`) VALUES
('trar2baq677od7c9kfa8fbj2uggaqtlj', '::1', 1584482957, 0x5f5f63695f6c6173745f726567656e65726174657c693a313538343438323935373b6572726f727c733a32303a225375612073657373c3a36f2065787069726f7521223b5f5f63695f766172737c613a313a7b733a353a226572726f72223b733a333a226f6c64223b7d),
('3viblc0o9llijc5b28cnp88fgv3qbvkg', '::1', 1584483261, 0x5f5f63695f6c6173745f726567656e65726174657c693a313538343438323936393b6964656e746974797c733a31353a2261646d696e4061646d696e2e636f6d223b656d61696c7c733a31353a2261646d696e4061646d696e2e636f6d223b757365725f69647c733a313a2231223b6f6c645f6c6173745f6c6f67696e7c733a31303a2231353834333830313837223b6c6173745f636865636b7c693a313538343438323936383b6572726f727c733a32373a224d656e73616c6964616465206ec3a36f20656e636f6e7472616461223b5f5f63695f766172737c613a313a7b733a353a226572726f72223b733a333a226f6c64223b7d),
('sbdvua6ps4ri27e72857ntu7ed4oqga8', '::1', 1584483462, 0x5f5f63695f6c6173745f726567656e65726174657c693a313538343438333330393b6964656e746974797c733a31353a2261646d696e4061646d696e2e636f6d223b656d61696c7c733a31353a2261646d696e4061646d696e2e636f6d223b757365725f69647c733a313a2231223b6f6c645f6c6173745f6c6f67696e7c733a31303a2231353834333830313837223b6c6173745f636865636b7c693a313538343438323936383b6572726f727c733a32373a224d656e73616c6964616465206ec3a36f20656e636f6e7472616461223b5f5f63695f766172737c613a313a7b733a353a226572726f72223b733a333a226f6c64223b7d),
('d014alvvc8b0ijg23sv4kejc185kssak', '::1', 1584484108, 0x5f5f63695f6c6173745f726567656e65726174657c693a313538343438343130353b6964656e746974797c733a31353a2261646d696e4061646d696e2e636f6d223b656d61696c7c733a31353a2261646d696e4061646d696e2e636f6d223b757365725f69647c733a313a2231223b6f6c645f6c6173745f6c6f67696e7c733a31303a2231353834333830313837223b6c6173745f636865636b7c693a313538343438323936383b6572726f727c733a32363a224d656e73616c69737461206ec3a36f20656e636f6e747261646f223b5f5f63695f766172737c613a313a7b733a353a226572726f72223b733a333a226f6c64223b7d),
('4924hi4e4tb42iqkrsse9eehvu77739t', '::1', 1584484725, 0x5f5f63695f6c6173745f726567656e65726174657c693a313538343438343439313b6964656e746974797c733a31353a2261646d696e4061646d696e2e636f6d223b656d61696c7c733a31353a2261646d696e4061646d696e2e636f6d223b757365725f69647c733a313a2231223b6f6c645f6c6173745f6c6f67696e7c733a31303a2231353834333830313837223b6c6173745f636865636b7c693a313538343438323936383b6572726f727c733a32363a224d656e73616c69737461206ec3a36f20656e636f6e747261646f223b5f5f63695f766172737c613a313a7b733a353a226572726f72223b733a333a226f6c64223b7d),
('7acuhq799aem2u700jnbvq5e706ui2m0', '::1', 1584485867, 0x5f5f63695f6c6173745f726567656e65726174657c693a313538343438353833353b6964656e746974797c733a31353a2261646d696e4061646d696e2e636f6d223b656d61696c7c733a31353a2261646d696e4061646d696e2e636f6d223b757365725f69647c733a313a2231223b6f6c645f6c6173745f6c6f67696e7c733a31303a2231353834333830313837223b6c6173745f636865636b7c693a313538343438323936383b6572726f727c733a32363a224d656e73616c69737461206ec3a36f20656e636f6e747261646f223b5f5f63695f766172737c613a313a7b733a353a226572726f72223b733a333a226f6c64223b7d),
('6110four8a48vrvi94courtd855jmtv9', '::1', 1584486517, 0x5f5f63695f6c6173745f726567656e65726174657c693a313538343438363434303b6964656e746974797c733a31353a2261646d696e4061646d696e2e636f6d223b656d61696c7c733a31353a2261646d696e4061646d696e2e636f6d223b757365725f69647c733a313a2231223b6f6c645f6c6173745f6c6f67696e7c733a31303a2231353834333830313837223b6c6173745f636865636b7c693a313538343438323936383b6572726f727c733a32363a224d656e73616c69737461206ec3a36f20656e636f6e747261646f223b5f5f63695f766172737c613a313a7b733a353a226572726f72223b733a333a226f6c64223b7d),
('mp3c7an51lnrt7mdr6hag15kcua6bgi6', '::1', 1584487840, 0x5f5f63695f6c6173745f726567656e65726174657c693a313538343438373633323b6964656e746974797c733a31353a2261646d696e4061646d696e2e636f6d223b656d61696c7c733a31353a2261646d696e4061646d696e2e636f6d223b757365725f69647c733a313a2231223b6f6c645f6c6173745f6c6f67696e7c733a31303a2231353834333830313837223b6c6173745f636865636b7c693a313538343438323936383b),
('6jj8qvab9i1b37pvaj3uc9h39jbiiib1', '::1', 1584487907, 0x5f5f63695f6c6173745f726567656e65726174657c693a313538343438373930363b6572726f727c733a32303a225375612073657373c3a36f2065787069726f7521223b5f5f63695f766172737c613a313a7b733a353a226572726f72223b733a333a226f6c64223b7d),
('pn953gnq66brqvj4rbajbvq5a3v9ackm', '::1', 1584488179, 0x5f5f63695f6c6173745f726567656e65726174657c693a313538343438373931373b6964656e746974797c733a31353a2261646d696e4061646d696e2e636f6d223b656d61696c7c733a31353a2261646d696e4061646d696e2e636f6d223b757365725f69647c733a313a2231223b6f6c645f6c6173745f6c6f67696e7c733a31303a2231353834343832393638223b6c6173745f636865636b7c693a313538343438373931373b6572726f727c733a32373a224d656e73616c6964616465206ec3a36f20656e636f6e7472616461223b5f5f63695f766172737c613a313a7b733a353a226572726f72223b733a333a226f6c64223b7d),
('vhg5u37lhqgrm7jich6jtbdr22nk95o9', '::1', 1584488248, 0x5f5f63695f6c6173745f726567656e65726174657c693a313538343438383234383b6964656e746974797c733a31353a2261646d696e4061646d696e2e636f6d223b656d61696c7c733a31353a2261646d696e4061646d696e2e636f6d223b757365725f69647c733a313a2231223b6f6c645f6c6173745f6c6f67696e7c733a31303a2231353834343832393638223b6c6173745f636865636b7c693a313538343438373931373b),
('1pvaiihj6garbf927ed9fb3bimld8i3a', '::1', 1584488865, 0x5f5f63695f6c6173745f726567656e65726174657c693a313538343438383538373b6964656e746974797c733a31353a2261646d696e4061646d696e2e636f6d223b656d61696c7c733a31353a2261646d696e4061646d696e2e636f6d223b757365725f69647c733a313a2231223b6f6c645f6c6173745f6c6f67696e7c733a31303a2231353834343832393638223b6c6173745f636865636b7c693a313538343438373931373b),
('2ih9q7gd6pp8oh9losl320uop7289r0c', '::1', 1584488933, 0x5f5f63695f6c6173745f726567656e65726174657c693a313538343438383931363b6964656e746974797c733a31353a2261646d696e4061646d696e2e636f6d223b656d61696c7c733a31353a2261646d696e4061646d696e2e636f6d223b757365725f69647c733a313a2231223b6f6c645f6c6173745f6c6f67696e7c733a31303a2231353834343832393638223b6c6173745f636865636b7c693a313538343438373931373b),
('di0q87a6jogku0ghnfah1l3ngn6fi7ja', '::1', 1584494319, 0x5f5f63695f6c6173745f726567656e65726174657c693a313538343439343138353b6964656e746974797c733a31353a2261646d696e4061646d696e2e636f6d223b656d61696c7c733a31353a2261646d696e4061646d696e2e636f6d223b757365725f69647c733a313a2231223b6f6c645f6c6173745f6c6f67696e7c733a31303a2231353834343832393638223b6c6173745f636865636b7c693a313538343438373931373b6572726f727c733a32373a224d656e73616c6964616465206ec3a36f20656e636f6e7472616461223b5f5f63695f766172737c613a313a7b733a353a226572726f72223b733a333a226f6c64223b7d),
('3n2rgsqrpnvmrri8qotavor8nom8tp9l', '::1', 1584494828, 0x5f5f63695f6c6173745f726567656e65726174657c693a313538343439343534353b6964656e746974797c733a31353a2261646d696e4061646d696e2e636f6d223b656d61696c7c733a31353a2261646d696e4061646d696e2e636f6d223b757365725f69647c733a313a2231223b6f6c645f6c6173745f6c6f67696e7c733a31303a2231353834343832393638223b6c6173745f636865636b7c693a313538343438373931373b6572726f727c733a32373a224d656e73616c6964616465206ec3a36f20656e636f6e7472616461223b5f5f63695f766172737c613a313a7b733a353a226572726f72223b733a333a226f6c64223b7d),
('vakbjh1iifoglj8vth1vmgfbf5qi57e7', '::1', 1584495182, 0x5f5f63695f6c6173745f726567656e65726174657c693a313538343439343930313b6964656e746974797c733a31353a2261646d696e4061646d696e2e636f6d223b656d61696c7c733a31353a2261646d696e4061646d696e2e636f6d223b757365725f69647c733a313a2231223b6f6c645f6c6173745f6c6f67696e7c733a31303a2231353834343832393638223b6c6173745f636865636b7c693a313538343438373931373b6572726f727c733a32373a224d656e73616c6964616465206ec3a36f20656e636f6e7472616461223b5f5f63695f766172737c613a313a7b733a353a226572726f72223b733a333a226f6c64223b7d),
('7jo64dkc8b9alehedm40te95c84eqklq', '::1', 1584495337, 0x5f5f63695f6c6173745f726567656e65726174657c693a313538343439353332303b6964656e746974797c733a31353a2261646d696e4061646d696e2e636f6d223b656d61696c7c733a31353a2261646d696e4061646d696e2e636f6d223b757365725f69647c733a313a2231223b6f6c645f6c6173745f6c6f67696e7c733a31303a2231353834343832393638223b6c6173745f636865636b7c693a313538343438373931373b),
('95pnnued9nc36qehkor691663qtspf54', '::1', 1584495370, 0x5f5f63695f6c6173745f726567656e65726174657c693a313538343439353337303b6572726f727c733a32303a225375612073657373c3a36f2065787069726f7521223b5f5f63695f766172737c613a313a7b733a353a226572726f72223b733a333a226f6c64223b7d),
('nhgrq6jvf3gfg539ser80n9om3mm2v1r', '::1', 1584495648, 0x5f5f63695f6c6173745f726567656e65726174657c693a313538343439353337363b6964656e746974797c733a31353a2261646d696e4061646d696e2e636f6d223b656d61696c7c733a31353a2261646d696e4061646d696e2e636f6d223b757365725f69647c733a313a2231223b6f6c645f6c6173745f6c6f67696e7c733a31303a2231353834343837393137223b6c6173745f636865636b7c693a313538343439353337353b),
('t3ghpeobgoop1m4oh0e9ek0s22b7lei7', '::1', 1584495968, 0x5f5f63695f6c6173745f726567656e65726174657c693a313538343439353637383b6964656e746974797c733a31353a2261646d696e4061646d696e2e636f6d223b656d61696c7c733a31353a2261646d696e4061646d696e2e636f6d223b757365725f69647c733a313a2231223b6f6c645f6c6173745f6c6f67696e7c733a31303a2231353834343837393137223b6c6173745f636865636b7c693a313538343439353337353b6572726f727c733a32373a224d656e73616c6964616465206ec3a36f20656e636f6e7472616461223b5f5f63695f766172737c613a313a7b733a353a226572726f72223b733a333a226f6c64223b7d),
('e6g6j03ea8hcq0a790i922elhcs6uvjc', '::1', 1584496248, 0x5f5f63695f6c6173745f726567656e65726174657c693a313538343439353938333b6964656e746974797c733a31353a2261646d696e4061646d696e2e636f6d223b656d61696c7c733a31353a2261646d696e4061646d696e2e636f6d223b757365725f69647c733a313a2231223b6f6c645f6c6173745f6c6f67696e7c733a31303a2231353834343837393137223b6c6173745f636865636b7c693a313538343439353337353b6572726f727c733a32373a224d656e73616c6964616465206ec3a36f20656e636f6e7472616461223b5f5f63695f766172737c613a313a7b733a353a226572726f72223b733a333a226f6c64223b7d),
('rn29lkkp3kbo63i9ok47ru9gs06m99r6', '::1', 1584496563, 0x5f5f63695f6c6173745f726567656e65726174657c693a313538343439363332313b6964656e746974797c733a31353a2261646d696e4061646d696e2e636f6d223b656d61696c7c733a31353a2261646d696e4061646d696e2e636f6d223b757365725f69647c733a313a2231223b6f6c645f6c6173745f6c6f67696e7c733a31303a2231353834343837393137223b6c6173745f636865636b7c693a313538343439353337353b6572726f727c733a32373a224d656e73616c6964616465206ec3a36f20656e636f6e7472616461223b5f5f63695f766172737c613a313a7b733a353a226572726f72223b733a333a226f6c64223b7d),
('2ipk5ulusu9snnf5t0t18cbdkltduo9i', '::1', 1584496809, 0x5f5f63695f6c6173745f726567656e65726174657c693a313538343439363636353b6964656e746974797c733a31353a2261646d696e4061646d696e2e636f6d223b656d61696c7c733a31353a2261646d696e4061646d696e2e636f6d223b757365725f69647c733a313a2231223b6f6c645f6c6173745f6c6f67696e7c733a31303a2231353834343837393137223b6c6173745f636865636b7c693a313538343439353337353b),
('n4aaqcvlk9lisjo6cllhl51pjm4rs6cb', '::1', 1584497337, 0x5f5f63695f6c6173745f726567656e65726174657c693a313538343439373037323b6964656e746974797c733a31353a2261646d696e4061646d696e2e636f6d223b656d61696c7c733a31353a2261646d696e4061646d696e2e636f6d223b757365725f69647c733a313a2231223b6f6c645f6c6173745f6c6f67696e7c733a31303a2231353834343837393137223b6c6173745f636865636b7c693a313538343439353337353b),
('44lmcf21duhjk94f89b3n9mu210t64m2', '::1', 1584497684, 0x5f5f63695f6c6173745f726567656e65726174657c693a313538343439373338353b6964656e746974797c733a31353a2261646d696e4061646d696e2e636f6d223b656d61696c7c733a31353a2261646d696e4061646d696e2e636f6d223b757365725f69647c733a313a2231223b6f6c645f6c6173745f6c6f67696e7c733a31303a2231353834343837393137223b6c6173745f636865636b7c693a313538343439353337353b),
('1raresmk4cnnr8ckv1dj4c8eseihnrpn', '::1', 1584497985, 0x5f5f63695f6c6173745f726567656e65726174657c693a313538343439373638373b6964656e746974797c733a31353a2261646d696e4061646d696e2e636f6d223b656d61696c7c733a31353a2261646d696e4061646d696e2e636f6d223b757365725f69647c733a313a2231223b6f6c645f6c6173745f6c6f67696e7c733a31303a2231353834343837393137223b6c6173745f636865636b7c693a313538343439353337353b6572726f727c733a32373a224d656e73616c6964616465206ec3a36f20656e636f6e7472616461223b5f5f63695f766172737c613a313a7b733a353a226572726f72223b733a333a226f6c64223b7d),
('ljfuoh3qatbqf222dita2at5ugnpflkv', '::1', 1584498099, 0x5f5f63695f6c6173745f726567656e65726174657c693a313538343439373939313b6964656e746974797c733a31353a2261646d696e4061646d696e2e636f6d223b656d61696c7c733a31353a2261646d696e4061646d696e2e636f6d223b757365725f69647c733a313a2231223b6f6c645f6c6173745f6c6f67696e7c733a31303a2231353834343837393137223b6c6173745f636865636b7c693a313538343439353337353b),
('4v5ek9bgk3v9v924bh9jocm3ha0sla6l', '::1', 1584637925, 0x5f5f63695f6c6173745f726567656e65726174657c693a313538343633373932343b6572726f727c733a32303a225375612073657373c3a36f2065787069726f7521223b5f5f63695f766172737c613a313a7b733a353a226572726f72223b733a333a226f6c64223b7d),
('p2nbbo97hg87ne4mk7sbpp36msuva1hj', '::1', 1584637956, 0x5f5f63695f6c6173745f726567656e65726174657c693a313538343633373935363b6572726f727c733a32303a225375612073657373c3a36f2065787069726f7521223b5f5f63695f766172737c613a313a7b733a353a226572726f72223b733a333a226f6c64223b7d),
('8jpb5bgl7cgkl6ukn6mem8gj7sl7d6tn', '::1', 1584638004, 0x5f5f63695f6c6173745f726567656e65726174657c693a313538343633373936303b6964656e746974797c733a31353a2261646d696e4061646d696e2e636f6d223b656d61696c7c733a31353a2261646d696e4061646d696e2e636f6d223b757365725f69647c733a313a2231223b6f6c645f6c6173745f6c6f67696e7c733a31303a2231353834343935333735223b6c6173745f636865636b7c693a313538343633373936303b),
('ejljmg9o01f7i5i63ubp2kjkvm15s0gj', '::1', 1584639172, 0x5f5f63695f6c6173745f726567656e65726174657c693a313538343633393038363b6964656e746974797c733a31353a2261646d696e4061646d696e2e636f6d223b656d61696c7c733a31353a2261646d696e4061646d696e2e636f6d223b757365725f69647c733a313a2231223b6f6c645f6c6173745f6c6f67696e7c733a31303a2231353834343935333735223b6c6173745f636865636b7c693a313538343633373936303b),
('potpfp532hhv6fv0fadmf5gr27h7s736', '::1', 1584640394, 0x5f5f63695f6c6173745f726567656e65726174657c693a313538343634303339323b6964656e746974797c733a31353a2261646d696e4061646d696e2e636f6d223b656d61696c7c733a31353a2261646d696e4061646d696e2e636f6d223b757365725f69647c733a313a2231223b6f6c645f6c6173745f6c6f67696e7c733a31303a2231353834343935333735223b6c6173745f636865636b7c693a313538343633373936303b),
('9grrrqve8ta7d58epdtt3spqtqc8n4jp', '::1', 1584641572, 0x5f5f63695f6c6173745f726567656e65726174657c693a313538343634313438373b6964656e746974797c733a31353a2261646d696e4061646d696e2e636f6d223b656d61696c7c733a31353a2261646d696e4061646d696e2e636f6d223b757365725f69647c733a313a2231223b6f6c645f6c6173745f6c6f67696e7c733a31303a2231353834343935333735223b6c6173745f636865636b7c693a313538343633373936303b),
('2aobqd327aft02o6f1n96f9n22hkt1oi', '::1', 1584642623, 0x5f5f63695f6c6173745f726567656e65726174657c693a313538343634323630393b6964656e746974797c733a31353a2261646d696e4061646d696e2e636f6d223b656d61696c7c733a31353a2261646d696e4061646d696e2e636f6d223b757365725f69647c733a313a2231223b6f6c645f6c6173745f6c6f67696e7c733a31303a2231353834343935333735223b6c6173745f636865636b7c693a313538343633373936303b),
('vbbau03mdh7oldd9lfagrrhica33ju3n', '::1', 1584643721, 0x5f5f63695f6c6173745f726567656e65726174657c693a313538343634333630303b6964656e746974797c733a31353a2261646d696e4061646d696e2e636f6d223b656d61696c7c733a31353a2261646d696e4061646d696e2e636f6d223b757365725f69647c733a313a2231223b6f6c645f6c6173745f6c6f67696e7c733a31303a2231353834343935333735223b6c6173745f636865636b7c693a313538343633373936303b),
('0j25it1ohi3q95a7shdps239qv514vhc', '::1', 1584645322, 0x5f5f63695f6c6173745f726567656e65726174657c693a313538343634353133323b6964656e746974797c733a31353a2261646d696e4061646d696e2e636f6d223b656d61696c7c733a31353a2261646d696e4061646d696e2e636f6d223b757365725f69647c733a313a2231223b6f6c645f6c6173745f6c6f67696e7c733a31303a2231353834343935333735223b6c6173745f636865636b7c693a313538343633373936303b),
('8dt1g2ia8ea7ouqh91a8qm1ga8vm9a3l', '::1', 1584645564, 0x5f5f63695f6c6173745f726567656e65726174657c693a313538343634353433333b6964656e746974797c733a31353a2261646d696e4061646d696e2e636f6d223b656d61696c7c733a31353a2261646d696e4061646d696e2e636f6d223b757365725f69647c733a313a2231223b6f6c645f6c6173745f6c6f67696e7c733a31303a2231353834343935333735223b6c6173745f636865636b7c693a313538343633373936303b),
('ijih100nvpoaovrjqmlj6pq1esqfv4da', '::1', 1584646018, 0x5f5f63695f6c6173745f726567656e65726174657c693a313538343634353733353b6964656e746974797c733a31353a2261646d696e4061646d696e2e636f6d223b656d61696c7c733a31353a2261646d696e4061646d696e2e636f6d223b757365725f69647c733a313a2231223b6f6c645f6c6173745f6c6f67696e7c733a31303a2231353834343935333735223b6c6173745f636865636b7c693a313538343633373936303b),
('n3m0t2rotdo2lsi1s79mcnrfahn887c9', '::1', 1584646335, 0x5f5f63695f6c6173745f726567656e65726174657c693a313538343634363033373b6964656e746974797c733a31353a2261646d696e4061646d696e2e636f6d223b656d61696c7c733a31353a2261646d696e4061646d696e2e636f6d223b757365725f69647c733a313a2231223b6f6c645f6c6173745f6c6f67696e7c733a31303a2231353834343935333735223b6c6173745f636865636b7c693a313538343633373936303b),
('13jokbn3pfd41cuvbmtk70588netv0k1', '::1', 1584646658, 0x5f5f63695f6c6173745f726567656e65726174657c693a313538343634363337323b6964656e746974797c733a31353a2261646d696e4061646d696e2e636f6d223b656d61696c7c733a31353a2261646d696e4061646d696e2e636f6d223b757365725f69647c733a313a2231223b6f6c645f6c6173745f6c6f67696e7c733a31303a2231353834343935333735223b6c6173745f636865636b7c693a313538343633373936303b),
('6ofqvbt891te0lucuppg70tanblq363q', '::1', 1584646872, 0x5f5f63695f6c6173745f726567656e65726174657c693a313538343634363638333b6964656e746974797c733a31353a2261646d696e4061646d696e2e636f6d223b656d61696c7c733a31353a2261646d696e4061646d696e2e636f6d223b757365725f69647c733a313a2231223b6f6c645f6c6173745f6c6f67696e7c733a31303a2231353834343935333735223b6c6173745f636865636b7c693a313538343633373936303b),
('ds28a7j71s7dk678fqbv7sa0oqacepsq', '::1', 1584647296, 0x5f5f63695f6c6173745f726567656e65726174657c693a313538343634373033333b6964656e746974797c733a31353a2261646d696e4061646d696e2e636f6d223b656d61696c7c733a31353a2261646d696e4061646d696e2e636f6d223b757365725f69647c733a313a2231223b6f6c645f6c6173745f6c6f67696e7c733a31303a2231353834343935333735223b6c6173745f636865636b7c693a313538343633373936303b),
('fqf87qfjsme1magasoen48ssnrimvif2', '::1', 1584647715, 0x5f5f63695f6c6173745f726567656e65726174657c693a313538343634373435363b6964656e746974797c733a31353a2261646d696e4061646d696e2e636f6d223b656d61696c7c733a31353a2261646d696e4061646d696e2e636f6d223b757365725f69647c733a313a2231223b6f6c645f6c6173745f6c6f67696e7c733a31303a2231353834343935333735223b6c6173745f636865636b7c693a313538343633373936303b),
('d5orrlu8v9ntm7opf9l5hvotlbkq2aof', '::1', 1584648048, 0x5f5f63695f6c6173745f726567656e65726174657c693a313538343634373736333b6964656e746974797c733a31353a2261646d696e4061646d696e2e636f6d223b656d61696c7c733a31353a2261646d696e4061646d696e2e636f6d223b757365725f69647c733a313a2231223b6f6c645f6c6173745f6c6f67696e7c733a31303a2231353834343935333735223b6c6173745f636865636b7c693a313538343633373936303b),
('decv31rq7fk0jqluhllj089hfltdfe3v', '::1', 1584648291, 0x5f5f63695f6c6173745f726567656e65726174657c693a313538343634383134363b6964656e746974797c733a31353a2261646d696e4061646d696e2e636f6d223b656d61696c7c733a31353a2261646d696e4061646d696e2e636f6d223b757365725f69647c733a313a2231223b6f6c645f6c6173745f6c6f67696e7c733a31303a2231353834343935333735223b6c6173745f636865636b7c693a313538343633373936303b),
('362m20c5dhieltvk0kvsg6gsq5vo5adc', '::1', 1584650665, 0x5f5f63695f6c6173745f726567656e65726174657c693a313538343635303536343b6964656e746974797c733a31353a2261646d696e4061646d696e2e636f6d223b656d61696c7c733a31353a2261646d696e4061646d696e2e636f6d223b757365725f69647c733a313a2231223b6f6c645f6c6173745f6c6f67696e7c733a31303a2231353834343935333735223b6c6173745f636865636b7c693a313538343633373936303b),
('nrps8ki3pu6oveja6f3o7ur4qghu6003', '::1', 1584651587, 0x5f5f63695f6c6173745f726567656e65726174657c693a313538343635313331363b6964656e746974797c733a31353a2261646d696e4061646d696e2e636f6d223b656d61696c7c733a31353a2261646d696e4061646d696e2e636f6d223b757365725f69647c733a313a2231223b6f6c645f6c6173745f6c6f67696e7c733a31303a2231353834343935333735223b6c6173745f636865636b7c693a313538343633373936303b),
('bovijqdf7rffr59a3skja2mfi7tv5mmk', '::1', 1584651980, 0x5f5f63695f6c6173745f726567656e65726174657c693a313538343635313733373b6964656e746974797c733a31353a2261646d696e4061646d696e2e636f6d223b656d61696c7c733a31353a2261646d696e4061646d696e2e636f6d223b757365725f69647c733a313a2231223b6f6c645f6c6173745f6c6f67696e7c733a31303a2231353834343935333735223b6c6173745f636865636b7c693a313538343633373936303b),
('8dmlof6q3rllro8dgfdnhblifd3cv9b7', '::1', 1584652328, 0x5f5f63695f6c6173745f726567656e65726174657c693a313538343635323034363b6964656e746974797c733a31353a2261646d696e4061646d696e2e636f6d223b656d61696c7c733a31353a2261646d696e4061646d696e2e636f6d223b757365725f69647c733a313a2231223b6f6c645f6c6173745f6c6f67696e7c733a31303a2231353834343935333735223b6c6173745f636865636b7c693a313538343633373936303b),
('4qlt8q0h8dlgeltci5vecpeudf3b7i3m', '::1', 1584652639, 0x5f5f63695f6c6173745f726567656e65726174657c693a313538343635323336353b6964656e746974797c733a31353a2261646d696e4061646d696e2e636f6d223b656d61696c7c733a31353a2261646d696e4061646d696e2e636f6d223b757365725f69647c733a313a2231223b6f6c645f6c6173745f6c6f67696e7c733a31303a2231353834343935333735223b6c6173745f636865636b7c693a313538343633373936303b6c6173745f69647c693a31333b),
('c6eadnepghl6eqda4kogufsg1uv8t00q', '::1', 1584652962, 0x5f5f63695f6c6173745f726567656e65726174657c693a313538343635323636363b6964656e746974797c733a31353a2261646d696e4061646d696e2e636f6d223b656d61696c7c733a31353a2261646d696e4061646d696e2e636f6d223b757365725f69647c733a313a2231223b6f6c645f6c6173745f6c6f67696e7c733a31303a2231353834343935333735223b6c6173745f636865636b7c693a313538343633373936303b6c6173745f69647c693a31333b),
('ae9mbjupqegu1k0ej2h5aep034va7n3f', '::1', 1584653280, 0x5f5f63695f6c6173745f726567656e65726174657c693a313538343635323938373b6964656e746974797c733a31353a2261646d696e4061646d696e2e636f6d223b656d61696c7c733a31353a2261646d696e4061646d696e2e636f6d223b757365725f69647c733a313a2231223b6f6c645f6c6173745f6c6f67696e7c733a31303a2231353834343935333735223b6c6173745f636865636b7c693a313538343633373936303b6c6173745f69647c693a31333b),
('25jnpvqrl45k3pi7bgq2bpcacp0ii9g2', '::1', 1584653607, 0x5f5f63695f6c6173745f726567656e65726174657c693a313538343635333332303b6964656e746974797c733a31353a2261646d696e4061646d696e2e636f6d223b656d61696c7c733a31353a2261646d696e4061646d696e2e636f6d223b757365725f69647c733a313a2231223b6f6c645f6c6173745f6c6f67696e7c733a31303a2231353834343935333735223b6c6173745f636865636b7c693a313538343633373936303b6c6173745f69647c693a31333b),
('n6ct20tke21b68japflmal2fi4ujj3i8', '::1', 1584653917, 0x5f5f63695f6c6173745f726567656e65726174657c693a313538343635333633363b6964656e746974797c733a31353a2261646d696e4061646d696e2e636f6d223b656d61696c7c733a31353a2261646d696e4061646d696e2e636f6d223b757365725f69647c733a313a2231223b6f6c645f6c6173745f6c6f67696e7c733a31303a2231353834343935333735223b6c6173745f636865636b7c693a313538343633373936303b6c6173745f69647c693a31333b),
('flhdsjhdrol654nf6jtl3o0j8o5dsumm', '::1', 1584654179, 0x5f5f63695f6c6173745f726567656e65726174657c693a313538343635333935333b6964656e746974797c733a31353a2261646d696e4061646d696e2e636f6d223b656d61696c7c733a31353a2261646d696e4061646d696e2e636f6d223b757365725f69647c733a313a2231223b6f6c645f6c6173745f6c6f67696e7c733a31303a2231353834343935333735223b6c6173745f636865636b7c693a313538343633373936303b6c6173745f69647c693a31333b),
('gunu5kr23jvfut3j3ia6vh1r015paert', '::1', 1584654556, 0x5f5f63695f6c6173745f726567656e65726174657c693a313538343635343331333b6964656e746974797c733a31353a2261646d696e4061646d696e2e636f6d223b656d61696c7c733a31353a2261646d696e4061646d696e2e636f6d223b757365725f69647c733a313a2231223b6f6c645f6c6173745f6c6f67696e7c733a31303a2231353834343935333735223b6c6173745f636865636b7c693a313538343633373936303b6c6173745f69647c693a31333b),
('cj5mjjdvamngs81o9k1cvtpekm6t5bau', '::1', 1584660686, 0x5f5f63695f6c6173745f726567656e65726174657c693a313538343636303530383b6964656e746974797c733a31353a2261646d696e4061646d696e2e636f6d223b656d61696c7c733a31353a2261646d696e4061646d696e2e636f6d223b757365725f69647c733a313a2231223b6f6c645f6c6173745f6c6f67696e7c733a31303a2231353834343935333735223b6c6173745f636865636b7c693a313538343633373936303b6c6173745f69647c693a31333b),
('0o0bkk89apg00bdcbbd9mup84inrefak', '::1', 1584661122, 0x5f5f63695f6c6173745f726567656e65726174657c693a313538343636303833383b6964656e746974797c733a31353a2261646d696e4061646d696e2e636f6d223b656d61696c7c733a31353a2261646d696e4061646d696e2e636f6d223b757365725f69647c733a313a2231223b6f6c645f6c6173745f6c6f67696e7c733a31303a2231353834343935333735223b6c6173745f636865636b7c693a313538343633373936303b6c6173745f69647c693a31333b),
('1sdpf34n72t9e7masihh6fiurd7emj34', '::1', 1584661375, 0x5f5f63695f6c6173745f726567656e65726174657c693a313538343636313135323b6964656e746974797c733a31353a2261646d696e4061646d696e2e636f6d223b656d61696c7c733a31353a2261646d696e4061646d696e2e636f6d223b757365725f69647c733a313a2231223b6f6c645f6c6173745f6c6f67696e7c733a31303a2231353834343935333735223b6c6173745f636865636b7c693a313538343633373936303b6c6173745f69647c693a31333b),
('57q6q9s5v9cu2tj7s9t5aifn18vmmhd4', '::1', 1584661561, 0x5f5f63695f6c6173745f726567656e65726174657c693a313538343636313435343b6964656e746974797c733a31353a2261646d696e4061646d696e2e636f6d223b656d61696c7c733a31353a2261646d696e4061646d696e2e636f6d223b757365725f69647c733a313a2231223b6f6c645f6c6173745f6c6f67696e7c733a31303a2231353834343935333735223b6c6173745f636865636b7c693a313538343633373936303b6c6173745f69647c693a31333b),
('qnil9foh2tf9b6nravhv2tssc60p0pqg', '::1', 1584662809, 0x5f5f63695f6c6173745f726567656e65726174657c693a313538343636323632353b6964656e746974797c733a31353a2261646d696e4061646d696e2e636f6d223b656d61696c7c733a31353a2261646d696e4061646d696e2e636f6d223b757365725f69647c733a313a2231223b6f6c645f6c6173745f6c6f67696e7c733a31303a2231353834343935333735223b6c6173745f636865636b7c693a313538343633373936303b6c6173745f69647c693a31333b),
('vmns226t72c8o6rni1ja401hke4rnb4d', '::1', 1584663224, 0x5f5f63695f6c6173745f726567656e65726174657c693a313538343636323937303b6964656e746974797c733a31353a2261646d696e4061646d696e2e636f6d223b656d61696c7c733a31353a2261646d696e4061646d696e2e636f6d223b757365725f69647c733a313a2231223b6f6c645f6c6173745f6c6f67696e7c733a31303a2231353834343935333735223b6c6173745f636865636b7c693a313538343633373936303b6c6173745f69647c693a31333b),
('qhfdhapbucheln60ps1lj3m6ncu8pct5', '::1', 1584663472, 0x5f5f63695f6c6173745f726567656e65726174657c693a313538343636333237333b6964656e746974797c733a31353a2261646d696e4061646d696e2e636f6d223b656d61696c7c733a31353a2261646d696e4061646d696e2e636f6d223b757365725f69647c733a313a2231223b6f6c645f6c6173745f6c6f67696e7c733a31303a2231353834343935333735223b6c6173745f636865636b7c693a313538343633373936303b6c6173745f69647c693a31333b),
('e9qr60jit2cmibancdm4p5e8fuevm04t', '::1', 1584664053, 0x5f5f63695f6c6173745f726567656e65726174657c693a313538343636333830393b6964656e746974797c733a31353a2261646d696e4061646d696e2e636f6d223b656d61696c7c733a31353a2261646d696e4061646d696e2e636f6d223b757365725f69647c733a313a2231223b6f6c645f6c6173745f6c6f67696e7c733a31303a2231353834343935333735223b6c6173745f636865636b7c693a313538343633373936303b6c6173745f69647c693a31333b),
('9kmq5fvtbocimvai6cmoks6rma1vor63', '::1', 1584664550, 0x5f5f63695f6c6173745f726567656e65726174657c693a313538343636343332383b6964656e746974797c733a31353a2261646d696e4061646d696e2e636f6d223b656d61696c7c733a31353a2261646d696e4061646d696e2e636f6d223b757365725f69647c733a313a2231223b6f6c645f6c6173745f6c6f67696e7c733a31303a2231353834343935333735223b6c6173745f636865636b7c693a313538343633373936303b6c6173745f69647c693a31333b),
('fod6gjjbrq906cf4er3gjo29dpj43o7b', '::1', 1584664962, 0x5f5f63695f6c6173745f726567656e65726174657c693a313538343636343833323b6964656e746974797c733a31353a2261646d696e4061646d696e2e636f6d223b656d61696c7c733a31353a2261646d696e4061646d696e2e636f6d223b757365725f69647c733a313a2231223b6f6c645f6c6173745f6c6f67696e7c733a31303a2231353834343935333735223b6c6173745f636865636b7c693a313538343633373936303b6c6173745f69647c693a31333b),
('a0i9bdkft7o72jbo5mq84saeblca6fkd', '::1', 1584665442, 0x5f5f63695f6c6173745f726567656e65726174657c693a313538343636353135393b6964656e746974797c733a31353a2261646d696e4061646d696e2e636f6d223b656d61696c7c733a31353a2261646d696e4061646d696e2e636f6d223b757365725f69647c733a313a2231223b6f6c645f6c6173745f6c6f67696e7c733a31303a2231353834343935333735223b6c6173745f636865636b7c693a313538343633373936303b6c6173745f69647c693a31333b),
('uatma4o6s9s9bgl5m6h8kneao1slhtm8', '::1', 1584666046, 0x5f5f63695f6c6173745f726567656e65726174657c693a313538343636353738323b6964656e746974797c733a31353a2261646d696e4061646d696e2e636f6d223b656d61696c7c733a31353a2261646d696e4061646d696e2e636f6d223b757365725f69647c733a313a2231223b6f6c645f6c6173745f6c6f67696e7c733a31303a2231353834343935333735223b6c6173745f636865636b7c693a313538343633373936303b6c6173745f69647c693a31333b),
('p5ri65hlvfo4of7fdmdkvgiuno8jo96l', '::1', 1584666319, 0x5f5f63695f6c6173745f726567656e65726174657c693a313538343636363039363b6964656e746974797c733a31353a2261646d696e4061646d696e2e636f6d223b656d61696c7c733a31353a2261646d696e4061646d696e2e636f6d223b757365725f69647c733a313a2231223b6f6c645f6c6173745f6c6f67696e7c733a31303a2231353834343935333735223b6c6173745f636865636b7c693a313538343633373936303b6c6173745f69647c693a31333b),
('q1k69p5cuqm7aro47sp6pi03pop39vm0', '::1', 1584666556, 0x5f5f63695f6c6173745f726567656e65726174657c693a313538343636363430313b6964656e746974797c733a31353a2261646d696e4061646d696e2e636f6d223b656d61696c7c733a31353a2261646d696e4061646d696e2e636f6d223b757365725f69647c733a313a2231223b6f6c645f6c6173745f6c6f67696e7c733a31303a2231353834343935333735223b6c6173745f636865636b7c693a313538343633373936303b6c6173745f69647c693a31333b),
('bodqo0hqe2lgq8a7ojbvspvpkbcle28u', '::1', 1584666876, 0x5f5f63695f6c6173745f726567656e65726174657c693a313538343636363733393b6964656e746974797c733a31353a2261646d696e4061646d696e2e636f6d223b656d61696c7c733a31353a2261646d696e4061646d696e2e636f6d223b757365725f69647c733a313a2231223b6f6c645f6c6173745f6c6f67696e7c733a31303a2231353834343935333735223b6c6173745f636865636b7c693a313538343633373936303b6c6173745f69647c693a31333b),
('joepjb1fadvp74tlr1m5l99q5jifv16p', '::1', 1584667368, 0x5f5f63695f6c6173745f726567656e65726174657c693a313538343636373039353b6964656e746974797c733a31353a2261646d696e4061646d696e2e636f6d223b656d61696c7c733a31353a2261646d696e4061646d696e2e636f6d223b757365725f69647c733a313a2231223b6f6c645f6c6173745f6c6f67696e7c733a31303a2231353834343935333735223b6c6173745f636865636b7c693a313538343633373936303b6c6173745f69647c693a31333b),
('e2s75726lf8m0pibbn62r43m1vp53re9', '::1', 1584667540, 0x5f5f63695f6c6173745f726567656e65726174657c693a313538343636373430393b6964656e746974797c733a31353a2261646d696e4061646d696e2e636f6d223b656d61696c7c733a31353a2261646d696e4061646d696e2e636f6d223b757365725f69647c733a313a2231223b6f6c645f6c6173745f6c6f67696e7c733a31303a2231353834343935333735223b6c6173745f636865636b7c693a313538343633373936303b6c6173745f69647c693a31333b),
('cdrsok0ookfnvdqmbjt3di6ljvcs990m', '::1', 1584667802, 0x5f5f63695f6c6173745f726567656e65726174657c693a313538343636373735383b6964656e746974797c733a31353a2261646d696e4061646d696e2e636f6d223b656d61696c7c733a31353a2261646d696e4061646d696e2e636f6d223b757365725f69647c733a313a2231223b6f6c645f6c6173745f6c6f67696e7c733a31303a2231353834343935333735223b6c6173745f636865636b7c693a313538343633373936303b6c6173745f69647c693a31333b),
('8mctla8sva8rp33c2ke6emgfc2ik6dm4', '::1', 1584668371, 0x5f5f63695f6c6173745f726567656e65726174657c693a313538343636383131333b6964656e746974797c733a31353a2261646d696e4061646d696e2e636f6d223b656d61696c7c733a31353a2261646d696e4061646d696e2e636f6d223b757365725f69647c733a313a2231223b6f6c645f6c6173745f6c6f67696e7c733a31303a2231353834343935333735223b6c6173745f636865636b7c693a313538343633373936303b6c6173745f69647c693a31333b),
('hescrbj4jdfpifo04kl8hci01o8300bv', '::1', 1584668803, 0x5f5f63695f6c6173745f726567656e65726174657c693a313538343636383531363b6964656e746974797c733a31353a2261646d696e4061646d696e2e636f6d223b656d61696c7c733a31353a2261646d696e4061646d696e2e636f6d223b757365725f69647c733a313a2231223b6f6c645f6c6173745f6c6f67696e7c733a31303a2231353834343935333735223b6c6173745f636865636b7c693a313538343633373936303b6c6173745f69647c693a31333b),
('ab2fp2edqmv1vciesp40p0bs449i9i3j', '::1', 1584669129, 0x5f5f63695f6c6173745f726567656e65726174657c693a313538343636383834303b6964656e746974797c733a31353a2261646d696e4061646d696e2e636f6d223b656d61696c7c733a31353a2261646d696e4061646d696e2e636f6d223b757365725f69647c733a313a2231223b6f6c645f6c6173745f6c6f67696e7c733a31303a2231353834343935333735223b6c6173745f636865636b7c693a313538343633373936303b6c6173745f69647c693a31333b),
('tiqra05l3rquj482kos2tjc54mq1d1rr', '::1', 1584669386, 0x5f5f63695f6c6173745f726567656e65726174657c693a313538343636393134393b6964656e746974797c733a31353a2261646d696e4061646d696e2e636f6d223b656d61696c7c733a31353a2261646d696e4061646d696e2e636f6d223b757365725f69647c733a313a2231223b6f6c645f6c6173745f6c6f67696e7c733a31303a2231353834343935333735223b6c6173745f636865636b7c693a313538343633373936303b6c6173745f69647c693a31333b),
('vpv08eq13p4hteplkhjf28777b9qqkn7', '::1', 1584669742, 0x5f5f63695f6c6173745f726567656e65726174657c693a313538343636393435373b6964656e746974797c733a31353a2261646d696e4061646d696e2e636f6d223b656d61696c7c733a31353a2261646d696e4061646d696e2e636f6d223b757365725f69647c733a313a2231223b6f6c645f6c6173745f6c6f67696e7c733a31303a2231353834343935333735223b6c6173745f636865636b7c693a313538343633373936303b6c6173745f69647c693a31333b),
('pscmo1mi4fkk6a6ie1ot5po1m59fkuc3', '::1', 1584670059, 0x5f5f63695f6c6173745f726567656e65726174657c693a313538343636393736323b6964656e746974797c733a31353a2261646d696e4061646d696e2e636f6d223b656d61696c7c733a31353a2261646d696e4061646d696e2e636f6d223b757365725f69647c733a313a2231223b6f6c645f6c6173745f6c6f67696e7c733a31303a2231353834343935333735223b6c6173745f636865636b7c693a313538343633373936303b6c6173745f69647c693a31333b),
('6g3cnosa16p5k9sa2mspsebt05h9vdep', '::1', 1584670347, 0x5f5f63695f6c6173745f726567656e65726174657c693a313538343637303036383b6964656e746974797c733a31353a2261646d696e4061646d696e2e636f6d223b656d61696c7c733a31353a2261646d696e4061646d696e2e636f6d223b757365725f69647c733a313a2231223b6f6c645f6c6173745f6c6f67696e7c733a31303a2231353834343935333735223b6c6173745f636865636b7c693a313538343633373936303b6c6173745f69647c693a31333b),
('tk5hctalao7tdmjnumagbp1ooom9tkkv', '::1', 1584670841, 0x5f5f63695f6c6173745f726567656e65726174657c693a313538343637303538343b6964656e746974797c733a31353a2261646d696e4061646d696e2e636f6d223b656d61696c7c733a31353a2261646d696e4061646d696e2e636f6d223b757365725f69647c733a313a2231223b6f6c645f6c6173745f6c6f67696e7c733a31303a2231353834343935333735223b6c6173745f636865636b7c693a313538343633373936303b6c6173745f69647c693a31333b),
('8vfqjck6q6n1ia68t6aqoqc3hrtjc2vd', '::1', 1584671185, 0x5f5f63695f6c6173745f726567656e65726174657c693a313538343637303839373b6964656e746974797c733a31353a2261646d696e4061646d696e2e636f6d223b656d61696c7c733a31353a2261646d696e4061646d696e2e636f6d223b757365725f69647c733a313a2231223b6f6c645f6c6173745f6c6f67696e7c733a31303a2231353834343935333735223b6c6173745f636865636b7c693a313538343633373936303b6c6173745f69647c693a31333b),
('sc6tq6h2v07q8jtasod7rkv35a41ka2m', '::1', 1584671497, 0x5f5f63695f6c6173745f726567656e65726174657c693a313538343637313233313b6964656e746974797c733a31353a2261646d696e4061646d696e2e636f6d223b656d61696c7c733a31353a2261646d696e4061646d696e2e636f6d223b757365725f69647c733a313a2231223b6f6c645f6c6173745f6c6f67696e7c733a31303a2231353834343935333735223b6c6173745f636865636b7c693a313538343633373936303b6c6173745f69647c693a31333b),
('fej4jj3acmg6gg631psiqc03gu8uo3qa', '::1', 1584671835, 0x5f5f63695f6c6173745f726567656e65726174657c693a313538343637313533363b6964656e746974797c733a31353a2261646d696e4061646d696e2e636f6d223b656d61696c7c733a31353a2261646d696e4061646d696e2e636f6d223b757365725f69647c733a313a2231223b6f6c645f6c6173745f6c6f67696e7c733a31303a2231353834343935333735223b6c6173745f636865636b7c693a313538343633373936303b6c6173745f69647c693a31333b),
('bsn9dsu8q599b1gp24dh8bf9a2nqr9m9', '::1', 1584672143, 0x5f5f63695f6c6173745f726567656e65726174657c693a313538343637313836313b6964656e746974797c733a31353a2261646d696e4061646d696e2e636f6d223b656d61696c7c733a31353a2261646d696e4061646d696e2e636f6d223b757365725f69647c733a313a2231223b6f6c645f6c6173745f6c6f67696e7c733a31303a2231353834343935333735223b6c6173745f636865636b7c693a313538343633373936303b6c6173745f69647c693a31333b),
('hi74pdrkqal2i2uu0ksv0hmva0cu2ksn', '::1', 1584672467, 0x5f5f63695f6c6173745f726567656e65726174657c693a313538343637323138333b6964656e746974797c733a31353a2261646d696e4061646d696e2e636f6d223b656d61696c7c733a31353a2261646d696e4061646d696e2e636f6d223b757365725f69647c733a313a2231223b6f6c645f6c6173745f6c6f67696e7c733a31303a2231353834343935333735223b6c6173745f636865636b7c693a313538343633373936303b6c6173745f69647c693a31333b),
('iasq9p9e6t7qaguugv6v5vgqneopcice', '::1', 1584672803, 0x5f5f63695f6c6173745f726567656e65726174657c693a313538343637323531383b6964656e746974797c733a31353a2261646d696e4061646d696e2e636f6d223b656d61696c7c733a31353a2261646d696e4061646d696e2e636f6d223b757365725f69647c733a313a2231223b6f6c645f6c6173745f6c6f67696e7c733a31303a2231353834343935333735223b6c6173745f636865636b7c693a313538343633373936303b6c6173745f69647c693a31333b),
('41m53r1mtescl4ifjm5cmfblcrrbr79o', '::1', 1584673154, 0x5f5f63695f6c6173745f726567656e65726174657c693a313538343637323836363b6964656e746974797c733a31353a2261646d696e4061646d696e2e636f6d223b656d61696c7c733a31353a2261646d696e4061646d696e2e636f6d223b757365725f69647c733a313a2231223b6f6c645f6c6173745f6c6f67696e7c733a31303a2231353834343935333735223b6c6173745f636865636b7c693a313538343633373936303b6c6173745f69647c693a31333b),
('eg1l6elktnmdflg0m7k1f19phqj5ovre', '::1', 1584673222, 0x5f5f63695f6c6173745f726567656e65726174657c693a313538343637333137313b6964656e746974797c733a31353a2261646d696e4061646d696e2e636f6d223b656d61696c7c733a31353a2261646d696e4061646d696e2e636f6d223b757365725f69647c733a313a2231223b6f6c645f6c6173745f6c6f67696e7c733a31303a2231353834343935333735223b6c6173745f636865636b7c693a313538343633373936303b6c6173745f69647c693a31333b),
('1o729p0201fn7ipsk1u7fdip93sk3u2b', '::1', 1584673782, 0x5f5f63695f6c6173745f726567656e65726174657c693a313538343637333536383b),
('f8avvfhnup7n2v8t386rohpvtdq6u3c2', '::1', 1584674071, 0x5f5f63695f6c6173745f726567656e65726174657c693a313538343637333738363b6964656e746974797c733a31353a2261646d696e4061646d696e2e636f6d223b656d61696c7c733a31353a2261646d696e4061646d696e2e636f6d223b757365725f69647c733a313a2231223b6f6c645f6c6173745f6c6f67696e7c733a31303a2231353834363337393630223b6c6173745f636865636b7c693a313538343637333738363b),
('r36ip4q01djfefi8ashonbl3qeg4s6eu', '::1', 1584674383, 0x5f5f63695f6c6173745f726567656e65726174657c693a313538343637343039313b6964656e746974797c733a31353a2261646d696e4061646d696e2e636f6d223b656d61696c7c733a31353a2261646d696e4061646d696e2e636f6d223b757365725f69647c733a313a2231223b6f6c645f6c6173745f6c6f67696e7c733a31303a2231353834363337393630223b6c6173745f636865636b7c693a313538343637333738363b),
('erpgenjlb4seape7q9da4o09nmnlg1h1', '::1', 1584674674, 0x5f5f63695f6c6173745f726567656e65726174657c693a313538343637343339373b6964656e746974797c733a31353a2261646d696e4061646d696e2e636f6d223b656d61696c7c733a31353a2261646d696e4061646d696e2e636f6d223b757365725f69647c733a313a2231223b6f6c645f6c6173745f6c6f67696e7c733a31303a2231353834363337393630223b6c6173745f636865636b7c693a313538343637333738363b),
('1vhnt2qs5cvpe1161ob5r68me72ivib1', '::1', 1584674974, 0x5f5f63695f6c6173745f726567656e65726174657c693a313538343637343731333b6964656e746974797c733a31353a2261646d696e4061646d696e2e636f6d223b656d61696c7c733a31353a2261646d696e4061646d696e2e636f6d223b757365725f69647c733a313a2231223b6f6c645f6c6173745f6c6f67696e7c733a31303a2231353834363337393630223b6c6173745f636865636b7c693a313538343637333738363b),
('mlkcdmdm331hvr2cir0vkeqcs9faj3ft', '::1', 1584675269, 0x5f5f63695f6c6173745f726567656e65726174657c693a313538343637353031343b6964656e746974797c733a31353a2261646d696e4061646d696e2e636f6d223b656d61696c7c733a31353a2261646d696e4061646d696e2e636f6d223b757365725f69647c733a313a2231223b6f6c645f6c6173745f6c6f67696e7c733a31303a2231353834363337393630223b6c6173745f636865636b7c693a313538343637333738363b),
('kl8sclp1gmohcmlgg6c46h38oi4oamd5', '::1', 1584675593, 0x5f5f63695f6c6173745f726567656e65726174657c693a313538343637353332313b6964656e746974797c733a31353a2261646d696e4061646d696e2e636f6d223b656d61696c7c733a31353a2261646d696e4061646d696e2e636f6d223b757365725f69647c733a313a2231223b6f6c645f6c6173745f6c6f67696e7c733a31303a2231353834363337393630223b6c6173745f636865636b7c693a313538343637333738363b),
('e0g30330av0o09asrdjb06vi62oijg93', '::1', 1584675625, 0x5f5f63695f6c6173745f726567656e65726174657c693a313538343637353632323b6964656e746974797c733a31353a2261646d696e4061646d696e2e636f6d223b656d61696c7c733a31353a2261646d696e4061646d696e2e636f6d223b757365725f69647c733a313a2231223b6f6c645f6c6173745f6c6f67696e7c733a31303a2231353834363337393630223b6c6173745f636865636b7c693a313538343637333738363b);

-- --------------------------------------------------------

--
-- Estrutura da tabela `estacionar`
--

CREATE TABLE `estacionar` (
  `estacionar_id` int(11) NOT NULL,
  `estacionar_precificacao_id` int(11) NOT NULL,
  `estacionar_valor_hora` varchar(20) NOT NULL,
  `estacionar_numero_vaga` int(11) NOT NULL,
  `estacionar_placa_veiculo` varchar(8) NOT NULL,
  `estacionar_marca_veiculo` varchar(30) NOT NULL,
  `estacionar_modelo_veiculo` varchar(20) NOT NULL,
  `estacionar_data_entrada` datetime NOT NULL DEFAULT CURRENT_TIMESTAMP,
  `estacionar_data_saida` datetime DEFAULT NULL,
  `estacionar_tempo_decorrido` varchar(20) DEFAULT NULL,
  `estacionar_valor_devido` varchar(30) DEFAULT NULL,
  `estacionar_forma_pagamento_id` int(11) DEFAULT NULL,
  `estacionar_status` tinyint(1) NOT NULL,
  `estacionar_data_alteracao` timestamp NOT NULL DEFAULT '0000-00-00 00:00:00' ON UPDATE CURRENT_TIMESTAMP
) ENGINE=InnoDB DEFAULT CHARSET=utf8mb4;

--
-- Extraindo dados da tabela `estacionar`
--

INSERT INTO `estacionar` (`estacionar_id`, `estacionar_precificacao_id`, `estacionar_valor_hora`, `estacionar_numero_vaga`, `estacionar_placa_veiculo`, `estacionar_marca_veiculo`, `estacionar_modelo_veiculo`, `estacionar_data_entrada`, `estacionar_data_saida`, `estacionar_tempo_decorrido`, `estacionar_valor_devido`, `estacionar_forma_pagamento_id`, `estacionar_status`, `estacionar_data_alteracao`) VALUES
(2, 2, '16,00', 5, 'ATA-9S52', 'Ford', 'Focus Titaniun', '2020-03-11 15:00:00', '2020-03-12 18:13:42', '27.13', '434.08', 2, 1, '2020-03-12 21:13:42'),
(3, 1, '10,00', 1, 'ATA-9S51', 'Honda', 'Civic 2020', '2020-03-12 16:39:08', '2020-03-13 15:21:29', '22.42', '224.2', 1, 1, '2020-03-13 18:21:29'),
(4, 2, '20,00', 6, 'ATT-1212', 'Subaru', 'Imprenza 2020', '2020-03-12 17:29:26', '2020-03-12 18:13:28', '0.43', '8.6', 3, 1, '2020-03-12 21:13:28'),
(8, 1, '10,00', 1, 'ATA-9S51', 'Honda', 'Civic 2020', '2020-03-13 18:37:27', '2020-03-16 14:59:03', '68.21', '682.1', 2, 1, '2020-03-16 17:59:03'),
(9, 2, '8,00', 3, 'KIA-9999', 'Ford', 'Titan 250', '2020-03-13 18:38:31', NULL, NULL, NULL, NULL, 0, '0000-00-00 00:00:00'),
(10, 1, '10,00', 30, 'SDD-5252', 'Fiat', 'Palio ', '2020-03-16 14:43:57', NULL, NULL, NULL, NULL, 0, '0000-00-00 00:00:00'),
(11, 3, '20,00', 12, 'TUA-9090', 'Honda', '2000', '2020-03-16 14:53:12', NULL, NULL, NULL, NULL, 0, '0000-00-00 00:00:00'),
(12, 5, '8,00', 12, 'JUJ-4545', 'Fiat', 'Palio', '2020-03-16 14:56:30', NULL, NULL, NULL, NULL, 0, '0000-00-00 00:00:00'),
(13, 1, '10,00', 12, 'GUA-8989', 'Fiat', 'Fiat 147', '2020-03-19 18:14:19', NULL, NULL, NULL, NULL, 0, '0000-00-00 00:00:00');

-- --------------------------------------------------------

--
-- Estrutura da tabela `formas_pagamentos`
--

CREATE TABLE `formas_pagamentos` (
  `forma_pagamento_id` int(11) NOT NULL,
  `forma_pagamento_nome` varchar(30) NOT NULL,
  `forma_pagamento_ativa` tinyint(1) NOT NULL,
  `forma_pagamento_data_alteracao` timestamp NOT NULL DEFAULT '0000-00-00 00:00:00' ON UPDATE CURRENT_TIMESTAMP
) ENGINE=InnoDB DEFAULT CHARSET=utf8mb4;

--
-- Extraindo dados da tabela `formas_pagamentos`
--

INSERT INTO `formas_pagamentos` (`forma_pagamento_id`, `forma_pagamento_nome`, `forma_pagamento_ativa`, `forma_pagamento_data_alteracao`) VALUES
(1, 'Cartão de crédito', 1, '2020-03-11 19:12:01'),
(2, 'Cartão de débito', 1, '2020-03-11 19:17:22'),
(3, 'Dinheiro', 1, '0000-00-00 00:00:00'),
(6, 'Boleto bancário', 1, '0000-00-00 00:00:00'),
(7, 'Cheque', 0, '2020-03-20 01:25:38'),
(8, 'Grátis', 0, '2020-03-20 01:25:32');

-- --------------------------------------------------------

--
-- Estrutura da tabela `groups`
--

CREATE TABLE `groups` (
  `id` mediumint(8) UNSIGNED NOT NULL,
  `name` varchar(20) NOT NULL,
  `description` varchar(100) NOT NULL
) ENGINE=InnoDB DEFAULT CHARSET=utf8;

--
-- Extraindo dados da tabela `groups`
--

INSERT INTO `groups` (`id`, `name`, `description`) VALUES
(1, 'admin', 'Administrator'),
(2, 'members', 'General User');

-- --------------------------------------------------------

--
-- Estrutura da tabela `login_attempts`
--

CREATE TABLE `login_attempts` (
  `id` int(11) UNSIGNED NOT NULL,
  `ip_address` varchar(45) NOT NULL,
  `login` varchar(100) NOT NULL,
  `time` int(11) UNSIGNED DEFAULT NULL
) ENGINE=InnoDB DEFAULT CHARSET=utf8;

-- --------------------------------------------------------

--
-- Estrutura da tabela `mensalidades`
--

CREATE TABLE `mensalidades` (
  `mensalidade_id` int(11) NOT NULL,
  `mensalidade_mensalista_id` int(11) NOT NULL,
  `mensalidade_precificacao_id` int(11) NOT NULL,
  `mensalidade_valor_mensalidade` varchar(20) NOT NULL,
  `mensalidade_mensalista_dia_vencimento` int(11) NOT NULL,
  `mensalidade_data_vencimento` date NOT NULL,
  `mensalidade_data_pagamento` datetime NOT NULL DEFAULT '0000-00-00 00:00:00' ON UPDATE CURRENT_TIMESTAMP,
  `mensalidade_status` tinyint(1) NOT NULL,
  `mensalidade_data_alteracao` timestamp NOT NULL DEFAULT '0000-00-00 00:00:00' ON UPDATE CURRENT_TIMESTAMP
) ENGINE=InnoDB DEFAULT CHARSET=utf8mb4;

--
-- Extraindo dados da tabela `mensalidades`
--

INSERT INTO `mensalidades` (`mensalidade_id`, `mensalidade_mensalista_id`, `mensalidade_precificacao_id`, `mensalidade_valor_mensalidade`, `mensalidade_mensalista_dia_vencimento`, `mensalidade_data_vencimento`, `mensalidade_data_pagamento`, `mensalidade_status`, `mensalidade_data_alteracao`) VALUES
(1, 30, 5, '80,00', 31, '2020-03-31', '2020-03-17 22:58:48', 1, '2020-03-18 01:58:48'),
(2, 2, 5, '80,00', 10, '2020-03-10', '2020-03-19 22:05:12', 1, '2020-03-20 01:05:12'),
(3, 1, 1, '130,00', 31, '2020-03-18', '2020-03-19 23:06:45', 0, '2020-03-20 02:06:45');

-- --------------------------------------------------------

--
-- Estrutura da tabela `mensalistas`
--

CREATE TABLE `mensalistas` (
  `mensalista_id` int(11) NOT NULL,
  `mensalista_data_cadastro` timestamp NULL DEFAULT CURRENT_TIMESTAMP,
  `mensalista_tipo` tinyint(1) DEFAULT NULL,
  `mensalista_nome` varchar(45) NOT NULL,
  `mensalista_sobrenome` varchar(150) NOT NULL,
  `mensalista_data_nascimento` date DEFAULT NULL,
  `mensalista_cpf_cnpj` varchar(20) NOT NULL,
  `mensalista_rg_ie` varchar(20) NOT NULL,
  `mensalista_email` varchar(50) NOT NULL,
  `mensalista_telefone_fixo` varchar(20) DEFAULT NULL,
  `mensalista_telefone_movel` varchar(20) NOT NULL,
  `mensalista_cep` varchar(10) NOT NULL,
  `mensalista_endereco` varchar(155) NOT NULL,
  `mensalista_numero_endereco` varchar(20) NOT NULL,
  `mensalista_bairro` varchar(45) NOT NULL,
  `mensalista_cidade` varchar(105) NOT NULL,
  `mensalista_estado` varchar(2) NOT NULL,
  `mensalista_complemento` varchar(145) NOT NULL,
  `mensalista_ativo` tinyint(1) NOT NULL,
  `mensalista_dia_vencimento` int(11) NOT NULL,
  `mensalista_obs` tinytext,
  `mensalista_data_alteracao` timestamp NULL DEFAULT CURRENT_TIMESTAMP ON UPDATE CURRENT_TIMESTAMP
) ENGINE=InnoDB DEFAULT CHARSET=latin1;

--
-- Extraindo dados da tabela `mensalistas`
--

INSERT INTO `mensalistas` (`mensalista_id`, `mensalista_data_cadastro`, `mensalista_tipo`, `mensalista_nome`, `mensalista_sobrenome`, `mensalista_data_nascimento`, `mensalista_cpf_cnpj`, `mensalista_rg_ie`, `mensalista_email`, `mensalista_telefone_fixo`, `mensalista_telefone_movel`, `mensalista_cep`, `mensalista_endereco`, `mensalista_numero_endereco`, `mensalista_bairro`, `mensalista_cidade`, `mensalista_estado`, `mensalista_complemento`, `mensalista_ativo`, `mensalista_dia_vencimento`, `mensalista_obs`, `mensalista_data_alteracao`) VALUES
(1, '2020-03-13 22:00:02', 1, 'Lucio', 'Souza', '2020-03-13', '359.731.420-19', '334.44644-12', 'lucio@gmail.com', '', '(41) 9999-9999', '80530-000', 'Rua de Curitiba', '45', 'Centro', 'Curitiba', 'PR', '', 1, 31, '', '2020-03-17 23:33:25'),
(2, '2020-03-16 18:32:17', 1, 'João', 'Antonio', '1984-03-13', '964.222.370-81', '33.036.268-9', 'joao@gmail.com', '', '', '80120-000', 'Rua do Trabalho', 'sem número', 'Centro', 'Curitiba', 'PR', '', 0, 10, '', '2020-03-20 02:47:42'),
(30, '2020-03-16 18:45:01', 2, 'Maria', 'da Fonseca', '1992-03-11', '58.553.593/0001-01', '284.686.842.876', 'maria@gmail.com', '(41) 3232-3030', '(41) 9999-7777', '80120-000', 'Rua do Rosário', '414', 'Santa Catarina', 'Joinvile', 'SC', '', 1, 31, '', '2020-03-17 00:19:07');

-- --------------------------------------------------------

--
-- Estrutura da tabela `precificacoes`
--

CREATE TABLE `precificacoes` (
  `precificacao_id` int(11) NOT NULL,
  `precificacao_categoria` varchar(50) NOT NULL,
  `precificacao_valor_hora` varchar(50) NOT NULL,
  `precificacao_valor_mensalidade` varchar(20) NOT NULL,
  `precificacao_numero_vagas` int(11) NOT NULL,
  `precificacao_ativa` tinyint(1) NOT NULL,
  `precificacao_data_alteracao` timestamp NOT NULL DEFAULT '0000-00-00 00:00:00' ON UPDATE CURRENT_TIMESTAMP
) ENGINE=InnoDB DEFAULT CHARSET=utf8mb4;

--
-- Extraindo dados da tabela `precificacoes`
--

INSERT INTO `precificacoes` (`precificacao_id`, `precificacao_categoria`, `precificacao_valor_hora`, `precificacao_valor_mensalidade`, `precificacao_numero_vagas`, `precificacao_ativa`, `precificacao_data_alteracao`) VALUES
(1, 'Veículo pequeno', '10,00', '130,00', 30, 1, '2020-03-20 01:29:59'),
(2, 'Veículo médio', '8,00', '140,00', 30, 1, '2020-03-19 21:47:59'),
(3, 'Veículo grande', '20,00', '200,00', 30, 1, '2020-03-19 21:49:14'),
(5, 'Moto', '8,00', '80,00', 30, 1, '2020-03-20 01:04:56');

-- --------------------------------------------------------

--
-- Estrutura da tabela `sistema`
--

CREATE TABLE `sistema` (
  `sistema_id` int(11) NOT NULL,
  `sistema_razao_social` varchar(145) DEFAULT NULL,
  `sistema_nome_fantasia` varchar(145) DEFAULT NULL,
  `sistema_cnpj` varchar(25) DEFAULT NULL,
  `sistema_ie` varchar(25) DEFAULT NULL,
  `sistema_telefone_fixo` varchar(25) DEFAULT NULL,
  `sistema_telefone_movel` varchar(25) NOT NULL,
  `sistema_email` varchar(100) DEFAULT NULL,
  `sistema_site_url` varchar(100) DEFAULT NULL,
  `sistema_cep` varchar(25) DEFAULT NULL,
  `sistema_endereco` varchar(145) DEFAULT NULL,
  `sistema_numero` varchar(25) DEFAULT NULL,
  `sistema_cidade` varchar(45) DEFAULT NULL,
  `sistema_estado` varchar(2) DEFAULT NULL,
  `sistema_txt_ordem_servico` tinytext,
  `sistema_data_alteracao` timestamp NULL DEFAULT CURRENT_TIMESTAMP ON UPDATE CURRENT_TIMESTAMP
) ENGINE=InnoDB DEFAULT CHARSET=latin1;

--
-- Extraindo dados da tabela `sistema`
--

INSERT INTO `sistema` (`sistema_id`, `sistema_razao_social`, `sistema_nome_fantasia`, `sistema_cnpj`, `sistema_ie`, `sistema_telefone_fixo`, `sistema_telefone_movel`, `sistema_email`, `sistema_site_url`, `sistema_cep`, `sistema_endereco`, `sistema_numero`, `sistema_cidade`, `sistema_estado`, `sistema_txt_ordem_servico`, `sistema_data_alteracao`) VALUES
(1, 'Park Now System', 'Park Now', '80.838.809/0001-26', '683.90228-49', '(41) 3232-3030', '(41) 9999-9999', 'parknow@contato.com.br', 'http://parknow.com.br', '80510-000', 'Rua da Programação', '54', 'Curitiba', 'PR', 'Park Now - Seu veículo em boas mãos.', '2020-03-10 18:01:36');

-- --------------------------------------------------------

--
-- Estrutura da tabela `users`
--

CREATE TABLE `users` (
  `id` int(11) UNSIGNED NOT NULL,
  `ip_address` varchar(45) NOT NULL,
  `username` varchar(100) DEFAULT NULL,
  `password` varchar(255) NOT NULL,
  `email` varchar(254) NOT NULL,
  `activation_selector` varchar(255) DEFAULT NULL,
  `activation_code` varchar(255) DEFAULT NULL,
  `forgotten_password_selector` varchar(255) DEFAULT NULL,
  `forgotten_password_code` varchar(255) DEFAULT NULL,
  `forgotten_password_time` int(11) UNSIGNED DEFAULT NULL,
  `remember_selector` varchar(255) DEFAULT NULL,
  `remember_code` varchar(255) DEFAULT NULL,
  `created_on` int(11) UNSIGNED NOT NULL,
  `last_login` int(11) UNSIGNED DEFAULT NULL,
  `active` tinyint(1) UNSIGNED DEFAULT NULL,
  `first_name` varchar(50) DEFAULT NULL,
  `last_name` varchar(50) DEFAULT NULL,
  `company` varchar(100) DEFAULT NULL,
  `phone` varchar(20) DEFAULT NULL,
  `user_data_alteracao` timestamp NOT NULL DEFAULT CURRENT_TIMESTAMP ON UPDATE CURRENT_TIMESTAMP
) ENGINE=InnoDB DEFAULT CHARSET=utf8;

--
-- Extraindo dados da tabela `users`
--

INSERT INTO `users` (`id`, `ip_address`, `username`, `password`, `email`, `activation_selector`, `activation_code`, `forgotten_password_selector`, `forgotten_password_code`, `forgotten_password_time`, `remember_selector`, `remember_code`, `created_on`, `last_login`, `active`, `first_name`, `last_name`, `company`, `phone`, `user_data_alteracao`) VALUES
(1, '127.0.0.1', 'administrator', '$2y$12$j1N9yShSErZduxQT0dUCieljuLHaWN4lE4WN5gk887L.yDppGiA5i', 'admin@admin.com', NULL, '', NULL, NULL, NULL, NULL, NULL, 1268889823, 1584673786, 1, 'Admin', 'istrator', 'ADMIN', '0', '2020-03-20 03:09:46'),
(12, '127.0.0.1', 'lucio', '$2y$10$8mF4uST2eRlzncJWpC.pXeJR0sutHkg0yDEV7TZ0O7FLVkl29mYuO', 'lucio@gmail.com', NULL, NULL, NULL, NULL, NULL, NULL, NULL, 1583782350, 1584385933, 1, 'Lucio', 'Souza', NULL, NULL, '2020-03-16 19:12:13'),
(14, '127.0.0.1', 'outro', '$2y$10$lO42LXqQ7lIPytcqKMPaZ.t..udPZH/ZAVgx/SydY3QLeYj9w0bae', 'outro@gmail.com', NULL, NULL, NULL, NULL, NULL, NULL, NULL, 1583873532, 1583873882, 1, 'Outro', 'Souza', NULL, NULL, '2020-03-13 21:44:52');

-- --------------------------------------------------------

--
-- Estrutura da tabela `users_groups`
--

CREATE TABLE `users_groups` (
  `id` int(11) UNSIGNED NOT NULL,
  `user_id` int(11) UNSIGNED NOT NULL,
  `group_id` mediumint(8) UNSIGNED NOT NULL
) ENGINE=InnoDB DEFAULT CHARSET=utf8;

--
-- Extraindo dados da tabela `users_groups`
--

INSERT INTO `users_groups` (`id`, `user_id`, `group_id`) VALUES
(1, 1, 1),
(2, 1, 2),
(19, 12, 2),
(21, 14, 2);

--
-- Indexes for dumped tables
--

--
-- Indexes for table `ci_sessions`
--
ALTER TABLE `ci_sessions`
  ADD KEY `ci_sessions_timestamp` (`timestamp`);

--
-- Indexes for table `estacionar`
--
ALTER TABLE `estacionar`
  ADD PRIMARY KEY (`estacionar_id`);

--
-- Indexes for table `formas_pagamentos`
--
ALTER TABLE `formas_pagamentos`
  ADD PRIMARY KEY (`forma_pagamento_id`);

--
-- Indexes for table `groups`
--
ALTER TABLE `groups`
  ADD PRIMARY KEY (`id`);

--
-- Indexes for table `login_attempts`
--
ALTER TABLE `login_attempts`
  ADD PRIMARY KEY (`id`);

--
-- Indexes for table `mensalidades`
--
ALTER TABLE `mensalidades`
  ADD PRIMARY KEY (`mensalidade_id`);

--
-- Indexes for table `mensalistas`
--
ALTER TABLE `mensalistas`
  ADD PRIMARY KEY (`mensalista_id`);

--
-- Indexes for table `precificacoes`
--
ALTER TABLE `precificacoes`
  ADD PRIMARY KEY (`precificacao_id`);

--
-- Indexes for table `sistema`
--
ALTER TABLE `sistema`
  ADD PRIMARY KEY (`sistema_id`);

--
-- Indexes for table `users`
--
ALTER TABLE `users`
  ADD PRIMARY KEY (`id`),
  ADD UNIQUE KEY `uc_email` (`email`),
  ADD UNIQUE KEY `uc_activation_selector` (`activation_selector`),
  ADD UNIQUE KEY `uc_forgotten_password_selector` (`forgotten_password_selector`),
  ADD UNIQUE KEY `uc_remember_selector` (`remember_selector`);

--
-- Indexes for table `users_groups`
--
ALTER TABLE `users_groups`
  ADD PRIMARY KEY (`id`),
  ADD UNIQUE KEY `uc_users_groups` (`user_id`,`group_id`),
  ADD KEY `fk_users_groups_users1_idx` (`user_id`),
  ADD KEY `fk_users_groups_groups1_idx` (`group_id`);

--
-- AUTO_INCREMENT for dumped tables
--

--
-- AUTO_INCREMENT for table `estacionar`
--
ALTER TABLE `estacionar`
  MODIFY `estacionar_id` int(11) NOT NULL AUTO_INCREMENT, AUTO_INCREMENT=14;

--
-- AUTO_INCREMENT for table `formas_pagamentos`
--
ALTER TABLE `formas_pagamentos`
  MODIFY `forma_pagamento_id` int(11) NOT NULL AUTO_INCREMENT, AUTO_INCREMENT=9;

--
-- AUTO_INCREMENT for table `groups`
--
ALTER TABLE `groups`
  MODIFY `id` mediumint(8) UNSIGNED NOT NULL AUTO_INCREMENT, AUTO_INCREMENT=3;

--
-- AUTO_INCREMENT for table `login_attempts`
--
ALTER TABLE `login_attempts`
  MODIFY `id` int(11) UNSIGNED NOT NULL AUTO_INCREMENT;

--
-- AUTO_INCREMENT for table `mensalidades`
--
ALTER TABLE `mensalidades`
  MODIFY `mensalidade_id` int(11) NOT NULL AUTO_INCREMENT, AUTO_INCREMENT=4;

--
-- AUTO_INCREMENT for table `mensalistas`
--
ALTER TABLE `mensalistas`
  MODIFY `mensalista_id` int(11) NOT NULL AUTO_INCREMENT, AUTO_INCREMENT=31;

--
-- AUTO_INCREMENT for table `precificacoes`
--
ALTER TABLE `precificacoes`
  MODIFY `precificacao_id` int(11) NOT NULL AUTO_INCREMENT, AUTO_INCREMENT=6;

--
-- AUTO_INCREMENT for table `sistema`
--
ALTER TABLE `sistema`
  MODIFY `sistema_id` int(11) NOT NULL AUTO_INCREMENT, AUTO_INCREMENT=2;

--
-- AUTO_INCREMENT for table `users`
--
ALTER TABLE `users`
  MODIFY `id` int(11) UNSIGNED NOT NULL AUTO_INCREMENT, AUTO_INCREMENT=15;

--
-- AUTO_INCREMENT for table `users_groups`
--
ALTER TABLE `users_groups`
  MODIFY `id` int(11) UNSIGNED NOT NULL AUTO_INCREMENT, AUTO_INCREMENT=22;

--
-- Constraints for dumped tables
--

--
-- Limitadores para a tabela `users_groups`
--
ALTER TABLE `users_groups`
  ADD CONSTRAINT `fk_users_groups_groups1` FOREIGN KEY (`group_id`) REFERENCES `groups` (`id`) ON DELETE CASCADE ON UPDATE NO ACTION,
  ADD CONSTRAINT `fk_users_groups_users1` FOREIGN KEY (`user_id`) REFERENCES `users` (`id`) ON DELETE CASCADE ON UPDATE NO ACTION;
COMMIT;

/*!40101 SET CHARACTER_SET_CLIENT=@OLD_CHARACTER_SET_CLIENT */;
/*!40101 SET CHARACTER_SET_RESULTS=@OLD_CHARACTER_SET_RESULTS */;
/*!40101 SET COLLATION_CONNECTION=@OLD_COLLATION_CONNECTION */;
